radio://0/80/2M/E7E7E7E731,-0.03283528611063957,0.06690292805433273,0.014902039431035519,0.5246832370758057
radio://0/80/2M/E7E7E7E731,-0.03283528611063957,0.06690292805433273,0.014902039431035519,0.5246832370758057
radio://0/80/2M/E7E7E7E731,-0.03262042999267578,0.06689669191837311,0.015294785611331463,0.5254763960838318
radio://0/80/2M/E7E7E7E731,-0.03262042999267578,0.06689669191837311,0.015294785611331463,0.5254763960838318
radio://0/80/2M/E7E7E7E731,-0.030690310522913933,0.06860445439815521,0.015602375380694866,0.5566354990005493
radio://0/80/2M/E7E7E7E731,-0.030690310522913933,0.06860445439815521,0.015602375380694866,0.5566354990005493
radio://0/80/2M/E7E7E7E731,-0.030027741566300392,0.06786826997995377,0.01542923878878355,0.5570656657218933
radio://0/80/2M/E7E7E7E731,-0.030027741566300392,0.06786826997995377,0.01542923878878355,0.5570656657218933
radio://0/80/2M/E7E7E7E731,-0.029244279488921165,0.06777478754520416,0.015689028427004814,0.5636116862297058
radio://0/80/2M/E7E7E7E731,-0.029244279488921165,0.06777478754520416,0.015689028427004814,0.5636116862297058
radio://0/80/2M/E7E7E7E731,-0.031043926253914833,0.06768893450498581,0.01547755766659975,0.5250677466392517
radio://0/80/2M/E7E7E7E731,-0.031043926253914833,0.06768893450498581,0.01547755766659975,0.5250677466392517
radio://0/80/2M/E7E7E7E731,-0.030615417286753654,0.06782429665327072,0.01573462225496769,0.5305049419403076
radio://0/80/2M/E7E7E7E731,-0.030615417286753654,0.06782429665327072,0.01573462225496769,0.5305049419403076
radio://0/80/2M/E7E7E7E731,-0.029805267229676247,0.06766784936189651,0.01595604233443737,0.540648341178894
radio://0/80/2M/E7E7E7E731,-0.029805267229676247,0.06766784936189651,0.01595604233443737,0.540648341178894
radio://0/80/2M/E7E7E7E731,-0.030422933399677277,0.06790585815906525,0.016530949622392654,0.5270628333091736
radio://0/80/2M/E7E7E7E731,-0.030422933399677277,0.06790585815906525,0.016530949622392654,0.5270628333091736
radio://0/80/2M/E7E7E7E731,-0.0315384678542614,0.06839830428361893,0.016090599820017815,0.5088242292404175
radio://0/80/2M/E7E7E7E731,-0.0315384678542614,0.06839830428361893,0.016090599820017815,0.5088242292404175
radio://0/80/2M/E7E7E7E731,-0.029537340626120567,0.06800942867994308,0.015260981395840645,0.541041374206543
radio://0/80/2M/E7E7E7E731,-0.029537340626120567,0.06800942867994308,0.015260981395840645,0.541041374206543
radio://0/80/2M/E7E7E7E731,-0.03136301413178444,0.0680335983633995,0.015495712868869305,0.507724940776825
radio://0/80/2M/E7E7E7E731,-0.03136301413178444,0.0680335983633995,0.015495712868869305,0.507724940776825
radio://0/80/2M/E7E7E7E731,-0.02947409637272358,0.06832954287528992,0.015704931691288948,0.536579966545105
radio://0/80/2M/E7E7E7E731,-0.02947409637272358,0.06832954287528992,0.015704931691288948,0.536579966545105
radio://0/80/2M/E7E7E7E731,-0.03019702062010765,0.06731215864419937,0.015049592591822147,0.5227804183959961
radio://0/80/2M/E7E7E7E731,-0.03019702062010765,0.06731215864419937,0.015049592591822147,0.5227804183959961
radio://0/80/2M/E7E7E7E731,-0.031349360942840576,0.06845467537641525,0.014979601837694645,0.5074713230133057
radio://0/80/2M/E7E7E7E731,-0.031349360942840576,0.06845467537641525,0.014979601837694645,0.5074713230133057
radio://0/80/2M/E7E7E7E731,-0.03137735277414322,0.06781436502933502,0.013696697540581226,0.5012326836585999
radio://0/80/2M/E7E7E7E731,-0.03137735277414322,0.06781436502933502,0.013696697540581226,0.5012326836585999
radio://0/80/2M/E7E7E7E731,-0.030012547969818115,0.06778561323881149,0.01405434962362051,0.5228353142738342
radio://0/80/2M/E7E7E7E731,-0.030012547969818115,0.06778561323881149,0.01405434962362051,0.5228353142738342
radio://0/80/2M/E7E7E7E731,-0.031105980277061462,0.0680047869682312,0.014802973717451096,0.5069172978401184
radio://0/80/2M/E7E7E7E731,-0.031105980277061462,0.0680047869682312,0.014802973717451096,0.5069172978401184
radio://0/80/2M/E7E7E7E731,-0.029947426170110703,0.06757163256406784,0.015776868909597397,0.5204517245292664
radio://0/80/2M/E7E7E7E731,-0.029947426170110703,0.06757163256406784,0.015776868909597397,0.5204517245292664
radio://0/80/2M/E7E7E7E731,-0.03106382116675377,0.06610460579395294,0.01567927561700344,0.4961030185222626
radio://0/80/2M/E7E7E7E731,-0.03106382116675377,0.06610460579395294,0.01567927561700344,0.4961030185222626
radio://0/80/2M/E7E7E7E731,-0.03030354343354702,0.06631163507699966,0.015546164475381374,0.5067865252494812
radio://0/80/2M/E7E7E7E731,-0.03030354343354702,0.06631163507699966,0.015546164475381374,0.5067865252494812
radio://0/80/2M/E7E7E7E731,-0.031827427446842194,0.06689008325338364,0.015423131175339222,0.48686397075653076
radio://0/80/2M/E7E7E7E731,-0.031827427446842194,0.06689008325338364,0.015423131175339222,0.48686397075653076
radio://0/80/2M/E7E7E7E731,-0.03169536218047142,0.06673815846443176,0.015317399986088276,0.4907607436180115
radio://0/80/2M/E7E7E7E731,-0.03169536218047142,0.06673815846443176,0.015317399986088276,0.4907607436180115
radio://0/80/2M/E7E7E7E731,-0.03275294974446297,0.0665927603840828,0.014821804128587246,0.4777688682079315
radio://0/80/2M/E7E7E7E731,-0.03275294974446297,0.0665927603840828,0.014821804128587246,0.4777688682079315
radio://0/80/2M/E7E7E7E731,-0.030532803386449814,0.06556734442710876,0.015275328420102596,0.5101419687271118
radio://0/80/2M/E7E7E7E731,-0.030532803386449814,0.06556734442710876,0.015275328420102596,0.5101419687271118
radio://0/80/2M/E7E7E7E731,-0.03151821345090866,0.06594296544790268,0.016084685921669006,0.49370092153549194
radio://0/80/2M/E7E7E7E731,-0.03151821345090866,0.06594296544790268,0.016084685921669006,0.49370092153549194
radio://0/80/2M/E7E7E7E731,-0.031951289623975754,0.06511197984218597,0.015801912173628807,0.4834480285644531
radio://0/80/2M/E7E7E7E731,-0.031951289623975754,0.06511197984218597,0.015801912173628807,0.4834480285644531
radio://0/80/2M/E7E7E7E731,-0.031316738575696945,0.06598860025405884,0.015581151470541954,0.4914165139198303
radio://0/80/2M/E7E7E7E731,-0.031316738575696945,0.06598860025405884,0.015581151470541954,0.4914165139198303
radio://0/80/2M/E7E7E7E731,-0.031321149319410324,0.06529045104980469,0.016702182590961456,0.48383018374443054
radio://0/80/2M/E7E7E7E731,-0.031321149319410324,0.06529045104980469,0.016702182590961456,0.48383018374443054
radio://0/80/2M/E7E7E7E731,-0.030176708474755287,0.06666160374879837,0.017937520518898964,0.4970378577709198
radio://0/80/2M/E7E7E7E731,-0.030176708474755287,0.06666160374879837,0.017937520518898964,0.4970378577709198
radio://0/80/2M/E7E7E7E731,-0.03230344131588936,0.06651169806718826,0.01654145121574402,0.45969465374946594
radio://0/80/2M/E7E7E7E731,-0.03230344131588936,0.06651169806718826,0.01654145121574402,0.45969465374946594
radio://0/80/2M/E7E7E7E731,-0.031135670840740204,0.06629331409931183,0.0163735244423151,0.4786902070045471
radio://0/80/2M/E7E7E7E731,-0.031135670840740204,0.06629331409931183,0.0163735244423151,0.4786902070045471
radio://0/80/2M/E7E7E7E731,-0.031152522191405296,0.06632973253726959,0.015350916422903538,0.47859132289886475
radio://0/80/2M/E7E7E7E731,-0.031152522191405296,0.06632973253726959,0.015350916422903538,0.47859132289886475
radio://0/80/2M/E7E7E7E731,-0.028684785589575768,0.06577855348587036,0.01593134179711342,0.5148043036460876
radio://0/80/2M/E7E7E7E731,-0.028684785589575768,0.06577855348587036,0.01593134179711342,0.5148043036460876
radio://0/80/2M/E7E7E7E731,-0.03025221638381481,0.06700527667999268,0.015557129867374897,0.48438024520874023
radio://0/80/2M/E7E7E7E731,-0.03025221638381481,0.06700527667999268,0.015557129867374897,0.48438024520874023
radio://0/80/2M/E7E7E7E731,-0.030498312786221504,0.06688983738422394,0.015307092107832432,0.4725688695907593
radio://0/80/2M/E7E7E7E731,-0.030498312786221504,0.06688983738422394,0.015307092107832432,0.4725688695907593
radio://0/80/2M/E7E7E7E731,-0.02837345004081726,0.0671158954501152,0.015083965845406055,0.503390371799469
radio://0/80/2M/E7E7E7E731,-0.02837345004081726,0.0671158954501152,0.015083965845406055,0.503390371799469
radio://0/80/2M/E7E7E7E731,-0.03023819625377655,0.06571315228939056,0.015787817537784576,0.45760098099708557
radio://0/80/2M/E7E7E7E731,-0.03023819625377655,0.06571315228939056,0.015787817537784576,0.45760098099708557
radio://0/80/2M/E7E7E7E731,-0.028594722971320152,0.06594223529100418,0.015069881454110146,0.4896412491798401
radio://0/80/2M/E7E7E7E731,-0.028594722971320152,0.06594223529100418,0.015069881454110146,0.4896412491798401
radio://0/80/2M/E7E7E7E731,-0.029527369886636734,0.06550554186105728,0.014561799354851246,0.46260207891464233
radio://0/80/2M/E7E7E7E731,-0.029527369886636734,0.06550554186105728,0.014561799354851246,0.46260207891464233
radio://0/80/2M/E7E7E7E731,-0.02953902631998062,0.06650114804506302,0.013775914907455444,0.4625665247440338
radio://0/80/2M/E7E7E7E731,-0.02953902631998062,0.06650114804506302,0.013775914907455444,0.4625665247440338
radio://0/80/2M/E7E7E7E731,-0.029299983754754066,0.065998874604702,0.01401939895004034,0.4602210521697998
radio://0/80/2M/E7E7E7E731,-0.029299983754754066,0.065998874604702,0.01401939895004034,0.4602210521697998
radio://0/80/2M/E7E7E7E731,-0.028319653123617172,0.06775663793087006,0.013865710236132145,0.4776679277420044
radio://0/80/2M/E7E7E7E731,-0.028319653123617172,0.06775663793087006,0.013865710236132145,0.4776679277420044
radio://0/80/2M/E7E7E7E731,-0.030524246394634247,0.06577473878860474,0.014215975999832153,0.42540886998176575
radio://0/80/2M/E7E7E7E731,-0.030524246394634247,0.06577473878860474,0.014215975999832153,0.42540886998176575
radio://0/80/2M/E7E7E7E731,-0.028246302157640457,0.06530028581619263,0.013681048527359962,0.4649466872215271
radio://0/80/2M/E7E7E7E731,-0.028246302157640457,0.06530028581619263,0.013681048527359962,0.4649466872215271
radio://0/80/2M/E7E7E7E731,-0.03171011805534363,0.06803831458091736,0.014548346400260925,0.40525031089782715
radio://0/80/2M/E7E7E7E731,-0.03171011805534363,0.06803831458091736,0.014548346400260925,0.40525031089782715
radio://0/80/2M/E7E7E7E731,-0.029370401054620743,0.06742465496063232,0.014829877763986588,0.45426875352859497
radio://0/80/2M/E7E7E7E731,-0.029370401054620743,0.06742465496063232,0.014829877763986588,0.45426875352859497
radio://0/80/2M/E7E7E7E731,-0.029339291155338287,0.06696564704179764,0.015455284155905247,0.4472506046295166
radio://0/80/2M/E7E7E7E731,-0.029339291155338287,0.06696564704179764,0.015455284155905247,0.4472506046295166
radio://0/80/2M/E7E7E7E731,-0.030949434265494347,0.06843061745166779,0.015417971648275852,0.419429212808609
radio://0/80/2M/E7E7E7E731,-0.030949434265494347,0.06843061745166779,0.015417971648275852,0.419429212808609
radio://0/80/2M/E7E7E7E731,-0.03019675426185131,0.06807786226272583,0.015382347628474236,0.4352153241634369
radio://0/80/2M/E7E7E7E731,-0.03019675426185131,0.06807786226272583,0.015382347628474236,0.4352153241634369
radio://0/80/2M/E7E7E7E731,-0.030189065262675285,0.06745592504739761,0.015298761427402496,0.4263482391834259
radio://0/80/2M/E7E7E7E731,-0.030189065262675285,0.06745592504739761,0.015298761427402496,0.4263482391834259
radio://0/80/2M/E7E7E7E731,-0.03000182844698429,0.06791996210813522,0.01565740443766117,0.4331848621368408
radio://0/80/2M/E7E7E7E731,-0.03000182844698429,0.06791996210813522,0.01565740443766117,0.4331848621368408
radio://0/80/2M/E7E7E7E731,-0.03134004771709442,0.0675259456038475,0.015474958345293999,0.400787353515625
radio://0/80/2M/E7E7E7E731,-0.03134004771709442,0.0675259456038475,0.015474958345293999,0.400787353515625
radio://0/80/2M/E7E7E7E731,-0.0312194786965847,0.06805076450109482,0.015345127321779728,0.4093243181705475
radio://0/80/2M/E7E7E7E731,-0.0312194786965847,0.06805076450109482,0.015345127321779728,0.4093243181705475
radio://0/80/2M/E7E7E7E731,-0.030853835865855217,0.06704749912023544,0.016083713620901108,0.4080917239189148
radio://0/80/2M/E7E7E7E731,-0.030853835865855217,0.06704749912023544,0.016083713620901108,0.4080917239189148
radio://0/80/2M/E7E7E7E731,-0.029527299106121063,0.06701777875423431,0.01704438589513302,0.43020448088645935
radio://0/80/2M/E7E7E7E731,-0.029527299106121063,0.06701777875423431,0.01704438589513302,0.43020448088645935
radio://0/80/2M/E7E7E7E731,-0.029155658558011055,0.06851066648960114,0.016404101625084877,0.44237056374549866
radio://0/80/2M/E7E7E7E731,-0.029155658558011055,0.06851066648960114,0.016404101625084877,0.44237056374549866
radio://0/80/2M/E7E7E7E731,-0.029995044693350792,0.06880047917366028,0.015508826822042465,0.42259594798088074
radio://0/80/2M/E7E7E7E731,-0.029995044693350792,0.06880047917366028,0.015508826822042465,0.42259594798088074
radio://0/80/2M/E7E7E7E731,-0.02979615330696106,0.0674624964594841,0.01609407365322113,0.4150588810443878
radio://0/80/2M/E7E7E7E731,-0.02979615330696106,0.0674624964594841,0.01609407365322113,0.4150588810443878
radio://0/80/2M/E7E7E7E731,-0.03040522150695324,0.06943830847740173,0.01614242047071457,0.40869954228401184
radio://0/80/2M/E7E7E7E731,-0.03040522150695324,0.06943830847740173,0.01614242047071457,0.40869954228401184
radio://0/80/2M/E7E7E7E731,-0.029987184330821037,0.07018295675516129,0.01615624688565731,0.4114774763584137
radio://0/80/2M/E7E7E7E731,-0.029987184330821037,0.07018295675516129,0.01615624688565731,0.4114774763584137
radio://0/80/2M/E7E7E7E731,-0.029372699558734894,0.06963376700878143,0.016591722145676613,0.4181147515773773
radio://0/80/2M/E7E7E7E731,-0.029372699558734894,0.06963376700878143,0.016591722145676613,0.4181147515773773
radio://0/80/2M/E7E7E7E731,-0.031318601220846176,0.06930215656757355,0.016040997579693794,0.37581926584243774
radio://0/80/2M/E7E7E7E731,-0.031318601220846176,0.06930215656757355,0.016040997579693794,0.37581926584243774
radio://0/80/2M/E7E7E7E731,-0.03114362061023712,0.06956415623426437,0.01563648320734501,0.3777981698513031
radio://0/80/2M/E7E7E7E731,-0.03114362061023712,0.06956415623426437,0.01563648320734501,0.3777981698513031
radio://0/80/2M/E7E7E7E731,-0.029583539813756943,0.06990727037191391,0.015315582975745201,0.40646588802337646
radio://0/80/2M/E7E7E7E731,-0.029583539813756943,0.06990727037191391,0.015315582975745201,0.40646588802337646
radio://0/80/2M/E7E7E7E731,-0.032796621322631836,0.06847358494997025,0.014275891706347466,0.34981828927993774
radio://0/80/2M/E7E7E7E731,-0.032796621322631836,0.06847358494997025,0.014275891706347466,0.34981828927993774
radio://0/80/2M/E7E7E7E731,-0.03386743739247322,0.06865476816892624,0.014366953633725643,0.3437819182872772
radio://0/80/2M/E7E7E7E731,-0.03386743739247322,0.06865476816892624,0.014366953633725643,0.3437819182872772
radio://0/80/2M/E7E7E7E731,-0.03233616054058075,0.06949880719184875,0.01490829512476921,0.3793943524360657
radio://0/80/2M/E7E7E7E731,-0.03233616054058075,0.06949880719184875,0.01490829512476921,0.3793943524360657
radio://0/80/2M/E7E7E7E731,-0.032372135668992996,0.068000428378582,0.014937501400709152,0.3677172064781189
radio://0/80/2M/E7E7E7E731,-0.032372135668992996,0.068000428378582,0.014937501400709152,0.3677172064781189
radio://0/80/2M/E7E7E7E731,-0.03220855072140694,0.06800951063632965,0.014958282932639122,0.37252920866012573
radio://0/80/2M/E7E7E7E731,-0.03220855072140694,0.06800951063632965,0.014958282932639122,0.37252920866012573
radio://0/80/2M/E7E7E7E731,-0.032236747443675995,0.06959531456232071,0.015880156308412552,0.38482600450515747
radio://0/80/2M/E7E7E7E731,-0.032236747443675995,0.06959531456232071,0.015880156308412552,0.38482600450515747
radio://0/80/2M/E7E7E7E731,-0.03323948010802269,0.06845705956220627,0.015705294907093048,0.36601465940475464
radio://0/80/2M/E7E7E7E731,-0.03323948010802269,0.06845705956220627,0.015705294907093048,0.36601465940475464
radio://0/80/2M/E7E7E7E731,-0.033298738300800323,0.06819801032543182,0.015985043719410896,0.36375558376312256
radio://0/80/2M/E7E7E7E731,-0.033298738300800323,0.06819801032543182,0.015985043719410896,0.36375558376312256
radio://0/80/2M/E7E7E7E731,-0.03152838349342346,0.06819993257522583,0.01574208028614521,0.3856530785560608
radio://0/80/2M/E7E7E7E731,-0.03152838349342346,0.06819993257522583,0.01574208028614521,0.3856530785560608
radio://0/80/2M/E7E7E7E731,-0.033386245369911194,0.06752756983041763,0.015515821985900402,0.35774722695350647
radio://0/80/2M/E7E7E7E731,-0.033386245369911194,0.06752756983041763,0.015515821985900402,0.35774722695350647
radio://0/80/2M/E7E7E7E731,-0.031761497259140015,0.06820984184741974,0.015787187963724136,0.37913376092910767
radio://0/80/2M/E7E7E7E731,-0.031761497259140015,0.06820984184741974,0.015787187963724136,0.37913376092910767
radio://0/80/2M/E7E7E7E731,-0.03340759500861168,0.0675211101770401,0.01554759033024311,0.35464972257614136
radio://0/80/2M/E7E7E7E731,-0.03340759500861168,0.0675211101770401,0.01554759033024311,0.35464972257614136
radio://0/80/2M/E7E7E7E731,-0.03174152225255966,0.06825532764196396,0.014949965290725231,0.3761797249317169
radio://0/80/2M/E7E7E7E731,-0.03174152225255966,0.06825532764196396,0.014949965290725231,0.3761797249317169
radio://0/80/2M/E7E7E7E731,-0.03246399015188217,0.06824776530265808,0.01537169050425291,0.3654273450374603
radio://0/80/2M/E7E7E7E731,-0.03246399015188217,0.06824776530265808,0.01537169050425291,0.3654273450374603
radio://0/80/2M/E7E7E7E731,-0.032468199729919434,0.06875521689653397,0.014858003705739975,0.3647041618824005
radio://0/80/2M/E7E7E7E731,-0.032468199729919434,0.06875521689653397,0.014858003705739975,0.3647041618824005
radio://0/80/2M/E7E7E7E731,-0.03172890096902847,0.06751160323619843,0.01489601656794548,0.37256571650505066
radio://0/80/2M/E7E7E7E731,-0.03172890096902847,0.06751160323619843,0.01489601656794548,0.37256571650505066
radio://0/80/2M/E7E7E7E731,-0.033702217042446136,0.06823164224624634,0.01618664152920246,0.3399174213409424
radio://0/80/2M/E7E7E7E731,-0.033702217042446136,0.06823164224624634,0.01618664152920246,0.3399174213409424
radio://0/80/2M/E7E7E7E731,-0.03344954550266266,0.06698895245790482,0.015875181183218956,0.3456049859523773
radio://0/80/2M/E7E7E7E731,-0.03344954550266266,0.06698895245790482,0.015875181183218956,0.3456049859523773
radio://0/80/2M/E7E7E7E731,-0.03344254195690155,0.06896594911813736,0.017307130619883537,0.34644386172294617
radio://0/80/2M/E7E7E7E731,-0.03344254195690155,0.06896594911813736,0.017307130619883537,0.34644386172294617
radio://0/80/2M/E7E7E7E731,-0.03168617561459541,0.06799277663230896,0.016198186203837395,0.3708317279815674
radio://0/80/2M/E7E7E7E731,-0.03168617561459541,0.06799277663230896,0.016198186203837395,0.3708317279815674
radio://0/80/2M/E7E7E7E731,-0.032450124621391296,0.06826923042535782,0.015335525386035442,0.3565361499786377
radio://0/80/2M/E7E7E7E731,-0.032450124621391296,0.06826923042535782,0.015335525386035442,0.3565361499786377
radio://0/80/2M/E7E7E7E731,-0.031459029763936996,0.06776122003793716,0.015125158242881298,0.36908936500549316
radio://0/80/2M/E7E7E7E731,-0.031459029763936996,0.06776122003793716,0.015125158242881298,0.36908936500549316
radio://0/80/2M/E7E7E7E731,-0.03146987408399582,0.06802268326282501,0.014177541248500347,0.37130606174468994
radio://0/80/2M/E7E7E7E731,-0.03146987408399582,0.06802268326282501,0.014177541248500347,0.37130606174468994
radio://0/80/2M/E7E7E7E731,-0.033462319523096085,0.06831634044647217,0.013501069508492947,0.3414626717567444
radio://0/80/2M/E7E7E7E731,-0.033462319523096085,0.06831634044647217,0.013501069508492947,0.3414626717567444
radio://0/80/2M/E7E7E7E731,-0.0317145474255085,0.06854239851236343,0.01386513002216816,0.36811769008636475
radio://0/80/2M/E7E7E7E731,-0.0317145474255085,0.06854239851236343,0.01386513002216816,0.36811769008636475
radio://0/80/2M/E7E7E7E731,-0.030835455283522606,0.06774833053350449,0.01426365040242672,0.3796943426132202
radio://0/80/2M/E7E7E7E731,-0.030835455283522606,0.06774833053350449,0.01426365040242672,0.3796943426132202
radio://0/80/2M/E7E7E7E731,-0.032171886414289474,0.06600356101989746,0.014189080335199833,0.35164928436279297
radio://0/80/2M/E7E7E7E731,-0.032171886414289474,0.06600356101989746,0.014189080335199833,0.35164928436279297
radio://0/80/2M/E7E7E7E731,-0.03383752703666687,0.0674675777554512,0.015739360824227333,0.3285956382751465
radio://0/80/2M/E7E7E7E731,-0.03383752703666687,0.0674675777554512,0.015739360824227333,0.3285956382751465
radio://0/80/2M/E7E7E7E731,-0.03389007970690727,0.06728261709213257,0.015245717018842697,0.32546505331993103
radio://0/80/2M/E7E7E7E731,-0.03389007970690727,0.06728261709213257,0.015245717018842697,0.32546505331993103
radio://0/80/2M/E7E7E7E731,-0.03198328614234924,0.06770569831132889,0.01525208167731762,0.35648587346076965
radio://0/80/2M/E7E7E7E731,-0.03198328614234924,0.06770569831132889,0.01525208167731762,0.35648587346076965
radio://0/80/2M/E7E7E7E731,-0.03373514115810394,0.06684663146734238,0.015239332802593708,0.3281426727771759
radio://0/80/2M/E7E7E7E731,-0.03373514115810394,0.06684663146734238,0.015239332802593708,0.3281426727771759
radio://0/80/2M/E7E7E7E731,-0.03375641629099846,0.06682131439447403,0.016086965799331665,0.3280002772808075
radio://0/80/2M/E7E7E7E731,-0.03375641629099846,0.06682131439447403,0.016086965799331665,0.3280002772808075
radio://0/80/2M/E7E7E7E731,-0.034069743007421494,0.06682711839675903,0.01669030450284481,0.3211614191532135
radio://0/80/2M/E7E7E7E731,-0.034069743007421494,0.06682711839675903,0.01669030450284481,0.3211614191532135
radio://0/80/2M/E7E7E7E731,-0.03327760845422745,0.06680534780025482,0.016256937757134438,0.33129170536994934
radio://0/80/2M/E7E7E7E731,-0.03327760845422745,0.06680534780025482,0.016256937757134438,0.33129170536994934
radio://0/80/2M/E7E7E7E731,-0.029835714027285576,0.06633812189102173,0.01710619404911995,0.38269418478012085
radio://0/80/2M/E7E7E7E731,-0.029835714027285576,0.06633812189102173,0.01710619404911995,0.38269418478012085
radio://0/80/2M/E7E7E7E731,-0.029358351603150368,0.06635470688343048,0.016903726384043694,0.3843379318714142
radio://0/80/2M/E7E7E7E731,-0.029358351603150368,0.06635470688343048,0.016903726384043694,0.3843379318714142
radio://0/80/2M/E7E7E7E731,-0.03079172410070896,0.06736404448747635,0.017125096172094345,0.34575414657592773
radio://0/80/2M/E7E7E7E731,-0.03079172410070896,0.06736404448747635,0.017125096172094345,0.34575414657592773
radio://0/80/2M/E7E7E7E731,-0.030957311391830444,0.06783585250377655,0.016823692247271538,0.3342782258987427
radio://0/80/2M/E7E7E7E731,-0.030957311391830444,0.06783585250377655,0.016823692247271538,0.3342782258987427
radio://0/80/2M/E7E7E7E731,-0.03072369657456875,0.0670517310500145,0.01658458076417446,0.3313724994659424
radio://0/80/2M/E7E7E7E731,-0.03072369657456875,0.0670517310500145,0.01658458076417446,0.3313724994659424
radio://0/80/2M/E7E7E7E731,-0.03092827834188938,0.06710461527109146,0.01596437394618988,0.32174718379974365
radio://0/80/2M/E7E7E7E731,-0.03092827834188938,0.06710461527109146,0.01596437394618988,0.32174718379974365
radio://0/80/2M/E7E7E7E731,-0.02982504479587078,0.06688287109136581,0.01631740666925907,0.33752816915512085
radio://0/80/2M/E7E7E7E731,-0.02982504479587078,0.06688287109136581,0.01631740666925907,0.33752816915512085
radio://0/80/2M/E7E7E7E731,-0.03067934326827526,0.0674929991364479,0.01578151434659958,0.31958910822868347
radio://0/80/2M/E7E7E7E731,-0.03067934326827526,0.0674929991364479,0.01578151434659958,0.31958910822868347
radio://0/80/2M/E7E7E7E731,-0.029250742867588997,0.06817314028739929,0.01661764271557331,0.3478781282901764
radio://0/80/2M/E7E7E7E731,-0.029250742867588997,0.06817314028739929,0.01661764271557331,0.3478781282901764
radio://0/80/2M/E7E7E7E731,-0.029517585411667824,0.06848115473985672,0.016598094254732132,-0.8023139238357544
radio://0/80/2M/E7E7E7E731,-0.029517585411667824,0.06848115473985672,0.016598094254732132,-0.8023139238357544
radio://0/80/2M/E7E7E7E731,-0.0295675341039896,0.06629776954650879,0.015783213078975677,-0.19137679040431976
radio://0/80/2M/E7E7E7E731,-0.0295675341039896,0.06629776954650879,0.015783213078975677,-0.19137679040431976
radio://0/80/2M/E7E7E7E731,-0.025001859292387962,0.049528252333402634,0.01524269673973322,-1.8238168954849243
radio://0/80/2M/E7E7E7E731,-0.025001859292387962,0.049528252333402634,0.01524269673973322,-1.8238168954849243
radio://0/80/2M/E7E7E7E731,-0.06423701345920563,0.026064148172736168,0.02839069627225399,6.2451090812683105
radio://0/80/2M/E7E7E7E731,-0.06423701345920563,0.026064148172736168,0.02839069627225399,6.2451090812683105
radio://0/80/2M/E7E7E7E731,-0.06874749809503555,-0.011366091668605804,0.04563053324818611,13.119095802307129
radio://0/80/2M/E7E7E7E731,-0.06874749809503555,-0.011366091668605804,0.04563053324818611,13.119095802307129
radio://0/80/2M/E7E7E7E731,-0.08854080736637115,-0.0498659722507,0.08212137222290039,51.296695709228516
radio://0/80/2M/E7E7E7E731,-0.08854080736637115,-0.0498659722507,0.08212137222290039,51.296695709228516
radio://0/80/2M/E7E7E7E731,-0.09854735434055328,-0.07308826595544815,0.1033579558134079,87.67749786376953
radio://0/80/2M/E7E7E7E731,-0.09854735434055328,-0.07308826595544815,0.1033579558134079,87.67749786376953
radio://0/80/2M/E7E7E7E731,-0.11415203660726547,-0.13258376717567444,0.13904902338981628,109.32856750488281
radio://0/80/2M/E7E7E7E731,-0.11415203660726547,-0.13258376717567444,0.13904902338981628,109.32856750488281
radio://0/80/2M/E7E7E7E731,-0.14120003581047058,-0.17082561552524567,0.13362564146518707,110.83343505859375
radio://0/80/2M/E7E7E7E731,-0.14120003581047058,-0.17082561552524567,0.13362564146518707,110.83343505859375
radio://0/80/2M/E7E7E7E731,-0.16599227488040924,-0.20493093132972717,0.05643152445554733,138.48472595214844
radio://0/80/2M/E7E7E7E731,-0.16599227488040924,-0.20493093132972717,0.05643152445554733,138.48472595214844
radio://0/80/2M/E7E7E7E731,-0.18522138893604279,-0.16619189083576202,0.03454592078924179,94.46910858154297
radio://0/80/2M/E7E7E7E731,-0.18522138893604279,-0.16619189083576202,0.03454592078924179,94.46910858154297
radio://0/80/2M/E7E7E7E731,-0.23586231470108032,-0.16986651718616486,0.005450953729450703,72.81382751464844
radio://0/80/2M/E7E7E7E731,-0.23586231470108032,-0.16986651718616486,0.005450953729450703,72.81382751464844
radio://0/80/2M/E7E7E7E731,-0.33789607882499695,-0.14873121678829193,0.025171954184770584,52.926719665527344
radio://0/80/2M/E7E7E7E731,-0.33789607882499695,-0.14873121678829193,0.025171954184770584,52.926719665527344
radio://0/80/2M/E7E7E7E731,-0.4432997703552246,-0.12522023916244507,0.054639413952827454,-1.7080082893371582
radio://0/80/2M/E7E7E7E731,-0.4432997703552246,-0.12522023916244507,0.054639413952827454,-1.7080082893371582
radio://0/80/2M/E7E7E7E731,-0.5679198503494263,-0.12856963276863098,0.10559786856174469,-6.590464115142822
radio://0/80/2M/E7E7E7E731,-0.5679198503494263,-0.12856963276863098,0.10559786856174469,-6.590464115142822
radio://0/80/2M/E7E7E7E731,-0.6614691615104675,-0.14439837634563446,0.12702909111976624,-10.607017517089844
radio://0/80/2M/E7E7E7E731,-0.6614691615104675,-0.14439837634563446,0.12702909111976624,-10.607017517089844
radio://0/80/2M/E7E7E7E731,-0.7392299175262451,-0.15772411227226257,0.13947218656539917,-9.987939834594727
radio://0/80/2M/E7E7E7E731,-0.7392299175262451,-0.15772411227226257,0.13947218656539917,-9.987939834594727
radio://0/80/2M/E7E7E7E731,-0.8068438768386841,-0.17171867191791534,0.14445987343788147,-13.332969665527344
radio://0/80/2M/E7E7E7E731,-0.8068438768386841,-0.17171867191791534,0.14445987343788147,-13.332969665527344
radio://0/80/2M/E7E7E7E731,-0.8751738667488098,-0.19052453339099884,0.15150518715381622,-12.679807662963867
radio://0/80/2M/E7E7E7E731,-0.8751738667488098,-0.19052453339099884,0.15150518715381622,-12.679807662963867
radio://0/80/2M/E7E7E7E731,-0.9296942353248596,-0.2029813677072525,0.15331631898880005,-17.936241149902344
radio://0/80/2M/E7E7E7E731,-0.9296942353248596,-0.2029813677072525,0.15331631898880005,-17.936241149902344
radio://0/80/2M/E7E7E7E731,-0.9865150451660156,-0.22246500849723816,0.15895622968673706,-17.42559242248535
radio://0/80/2M/E7E7E7E731,-0.9865150451660156,-0.22246500849723816,0.15895622968673706,-17.42559242248535
radio://0/80/2M/E7E7E7E731,-1.0296919345855713,-0.24131080508232117,0.16223718225955963,-18.23447036743164
radio://0/80/2M/E7E7E7E731,-1.0296919345855713,-0.24131080508232117,0.16223718225955963,-18.23447036743164
radio://0/80/2M/E7E7E7E731,-1.0750823020935059,-0.26632338762283325,0.16633695363998413,-19.808551788330078
radio://0/80/2M/E7E7E7E731,-1.0750823020935059,-0.26632338762283325,0.16633695363998413,-19.808551788330078
radio://0/80/2M/E7E7E7E731,-1.1188209056854248,-0.2896222770214081,0.17024539411067963,-19.254940032958984
radio://0/80/2M/E7E7E7E731,-1.1188209056854248,-0.2896222770214081,0.17024539411067963,-19.254940032958984
radio://0/80/2M/E7E7E7E731,-1.1534991264343262,-0.3210807144641876,0.17588810622692108,-17.894594192504883
radio://0/80/2M/E7E7E7E731,-1.1534991264343262,-0.3210807144641876,0.17588810622692108,-17.894594192504883
radio://0/80/2M/E7E7E7E731,-1.1843470335006714,-0.3369408845901489,0.17885203659534454,-15.503183364868164
radio://0/80/2M/E7E7E7E731,-1.1843470335006714,-0.3369408845901489,0.17885203659534454,-15.503183364868164
radio://0/80/2M/E7E7E7E731,-1.211136817932129,-0.3647609353065491,0.18297220766544342,-15.339152336120605
radio://0/80/2M/E7E7E7E731,-1.211136817932129,-0.3647609353065491,0.18297220766544342,-15.339152336120605
radio://0/80/2M/E7E7E7E731,-1.2456669807434082,-0.39461448788642883,0.1870015412569046,-15.269756317138672
radio://0/80/2M/E7E7E7E731,-1.2456669807434082,-0.39461448788642883,0.1870015412569046,-15.269756317138672
radio://0/80/2M/E7E7E7E731,-1.2374839782714844,-0.4015733003616333,0.19132064282894135,-15.271238327026367
radio://0/80/2M/E7E7E7E731,-1.2374839782714844,-0.4015733003616333,0.19132064282894135,-15.271238327026367
radio://0/80/2M/E7E7E7E731,-1.2470736503601074,-0.41985610127449036,0.19527842104434967,-13.407461166381836
radio://0/80/2M/E7E7E7E731,-1.2470736503601074,-0.41985610127449036,0.19527842104434967,-13.407461166381836
radio://0/80/2M/E7E7E7E731,-1.2471216917037964,-0.4264938533306122,0.19841745495796204,-11.587569236755371
radio://0/80/2M/E7E7E7E731,-1.2471216917037964,-0.4264938533306122,0.19841745495796204,-11.587569236755371
radio://0/80/2M/E7E7E7E731,-1.2479918003082275,-0.4309685528278351,0.20128534734249115,-8.509174346923828
radio://0/80/2M/E7E7E7E731,-1.2479918003082275,-0.4309685528278351,0.20128534734249115,-8.509174346923828
radio://0/80/2M/E7E7E7E731,-1.25105881690979,-0.4393308460712433,0.2036195695400238,-5.296699047088623
radio://0/80/2M/E7E7E7E731,-1.25105881690979,-0.4393308460712433,0.2036195695400238,-5.296699047088623
radio://0/80/2M/E7E7E7E731,-1.2386988401412964,-0.4332432746887207,0.20623628795146942,-1.5279996395111084
radio://0/80/2M/E7E7E7E731,-1.2386988401412964,-0.4332432746887207,0.20623628795146942,-1.5279996395111084
radio://0/80/2M/E7E7E7E731,-1.2218258380889893,-0.41872262954711914,0.2066136598587036,0.8416422605514526
radio://0/80/2M/E7E7E7E731,-1.2218258380889893,-0.41872262954711914,0.2066136598587036,0.8416422605514526
radio://0/80/2M/E7E7E7E731,-1.232296109199524,-0.4371111989021301,0.20801833271980286,1.6137607097625732
radio://0/80/2M/E7E7E7E731,-1.232296109199524,-0.4371111989021301,0.20801833271980286,1.6137607097625732
radio://0/80/2M/E7E7E7E731,-1.2242895364761353,-0.4578191637992859,0.20918682217597961,-0.5948895812034607
radio://0/80/2M/E7E7E7E731,-1.2242895364761353,-0.4578191637992859,0.20918682217597961,-0.5948895812034607
